{
	"animPlaybackSpeed" : 1.0,
	"defaultCameraPose" : 
	{
		"keytime" : 0.0,
		"rotation" : 
		[
			-0.045651546710158308,
			0.38673296798049428,
			-0.10797626301294888,
			0.9147101586763573
		],
		"translation" : 
		[
			-1.856951117515564,
			1.9123058319091797,
			2.9509797096252441
		]
	},
	"modelName" : "ConvergenceTest",
	"propType" : "SimpleProp",
	"startPose" : 
	{
		"keytime" : 0.0,
		"rotation" : 
		[
			-0.0010109299463967501,
			-0.81998897984710284,
			-0.0017612871600094066,
			0.57237718038402285
		],
		"scaling" : 
		[
			0.050000000000000003,
			0.050000000000000003,
			0.050000000000000003
		],
		"translation" : 
		[
			-2.9753773582929171,
			1.0970854583570713,
			18.910077682849987
		]
	}
}