{
	"animPlaybackSpeed" : 1.0,
	"defaultCameraPose" : 
	{
		"keytime" : 0.0,
		"rotation" : 
		[
			-0.045651546710158308,
			0.38673296798049428,
			-0.10797626301294888,
			0.9147101586763573
		],
		"scaling" : 
		[
			0.99999998850103988,
			1.0000001500427436,
			0.99999996318951412
		],
		"translation" : 
		[
			-1.856951117515564,
			1.9123058319091797,
			2.9509797096252441
		]
	},
	"modelName" : "ConvergenceTest",
	"propType" : "SimpleProp",
	"startPose" : 
	{
		"keytime" : 0.0,
		"rotation" : 
		[
			-0.0010196006803282762,
			-0.3781345964906046,
			2.9720433079266357e-05,
			0.92575050695221639
		],
		"translation" : 
		[
			-27.353451678608337,
			0.24652546740160836,
			-12.112920243798271
		]
	}
}