{
	"animPlaybackSpeed" : 1.0,
	"defaultCameraPose" : 
	{
		"keytime" : 0.0,
		"rotation" : 
		[
			0.0,
			0.0,
			0.0,
			1.0
		],
		"translation" : 
		[
			0.0,
			0.044938154518604279,
			0.0
		]
	},
	"modelName" : "GlassLens",
	"propType" : "SimpleProp",
	"startPose" : 
	{
		"keytime" : 0.0,
		"rotation" : 
		[
			0.0,
			-0.49829452393068047,
			0.0,
			0.86700777815773133
		],
		"scaling" : 
		[
			0.10000000000000003,
			0.10000000000000003,
			0.10000000000000003
		],
		"translation" : 
		[
			-15.529724996311415,
			1.3343658154495763,
			13.898961363360286
		]
	}
}