{
	"animPlaybackSpeed" : 1.0,
	"defaultCameraPose" : 
	{
		"keytime" : 0.0,
		"rotation" : 
		[
			0.0,
			0.0,
			0.0,
			1.0
		],
		"scaling" : 
		[
			1.0,
			1.0,
			1.0
		],
		"translation" : 
		[
			0.0,
			0.044938154518604279,
			0.0
		]
	},
	"modelName" : "SpotLight",
	"propType" : "SimpleProp",
	"startPose" : 
	{
		"keytime" : 0.0,
		"rotation" : 
		[
			-0.27727824304973747,
			0.50456337671739115,
			-0.39378186423514339,
			0.71656704233733981
		],
		"scaling" : 
		[
			1.0,
			1.0,
			1.0
		],
		"translation" : 
		[
			3.6145867576997261,
			4.4066095388080244,
			28.707526416401379
		]
	}
}