{
	"animPlaybackSpeed" : 1.0,
	"defaultCameraPose" : 
	{
		"keytime" : 0.0,
		"rotation" : 
		[
			0.0,
			0.0,
			0.0,
			1.0
		],
		"scaling" : 
		[
			1.0,
			1.0,
			1.0
		],
		"translation" : 
		[
			0.0,
			0.044938154518604279,
			0.0
		]
	},
	"modelName" : "SpotLight",
	"propType" : "SimpleProp",
	"startPose" : 
	{
		"keytime" : 0.0,
		"rotation" : 
		[
			0.50537020975024938,
			-0.27580452603109162,
			0.71771197697089328,
			-0.39169058886715563
		],
		"scaling" : 
		[
			1.0,
			1.0,
			1.0
		],
		"translation" : 
		[
			3.168448422831716,
			4.4074388361833954,
			22.831966731813736
		]
	}
}