{
  "animPlaybackSpeed": 1.0,
  "defaultCameraPose": {
    "keytime": 0.0,
    "rotation": [
      0.0,
      0.0,
      0.0,
      1.0
    ],
    "scaling": [
      1.0,
      1.0,
      1.0
    ],
    "translation": [
      0.0,
      0.044938154518604279,
      0.0
    ]
  },
  "modelName": "SpotLight",
  "propType": "SimpleProp",
  "startPose": {
    "keytime": 0.0,
    "rotation": [
      -0.27727824304973747,
      0.50456337671739115,
      -0.39378186423514339,
      0.71656704233733981
    ],
    "scaling": [
      1.0,
      1.0,
      1.0
    ],
    "translation": [
      -1.0014210380613804,
      4.4107451194431633,
      27.031252436398063
    ]
  },
  "modelsLightsOverrides": [
    {
      "modelInstanceName": "SimplePropOnlyModel",
      "lightOverrides": [
        {
          "name": "SpotLight",
          "autoOffTime": 2.0,
          "autoOnTime": 2.0,
          "autoOnOffTimeOffset": 1.0
        }
      ]
    }
  ]
}